SELECT * FROM FIELDMAPPING WHERE fieldid IN (2588,2589) ORDER BY FIELDID DESC;
SELECT * FROM FIELDCONTROL WHERE fieldid IN (2588,2589) ORDER BY FIELDID DESC;
SELECT * FROM FIELDRULEPARAMETER WHERE PARAMETERID IN (2588,2589)ORDER BY PARAMETERID DESC;
SELECT * FROM FIELDRULE WHERE fieldid IN (2588,2589);

UPDATE FIELDMAPPING SET PARAMETERID = 2589 WHERE FIELDID=2589

INSERT INTO FIELDCONTROL (FIELDID, CONTROLTYPE,DESCRIPTION)
VALUES (2588,'TextBox','First Name'); 
INSERT INTO FIELDCONTROL (FIELDID, CONTROLTYPE,DESCRIPTION)
VALUES (2589,'TextBox','Last Name');

SELECT * FROM FIELDMAPPING WHERE TABLENAME='HAULER' AND COLUMNNAME='USERNAME'

INSERT INTO FIELDRULEPARAMETER (PARAMETERID, PARAMETERNAME, PARAMETERTYPE)
VALUES (2588,'First Name', 2); 
INSERT INTO FIELDRULEPARAMETER (PARAMETERID, PARAMETERNAME, PARAMETERTYPE)
VALUES (2589,'Last Name',2);

INSERT INTO FIELDMAPPING (FIELDID, TABLENAME, COLUMNNAME,ARRAYINDEXTYPE,ARRAYINDEX,PAGENAME)
VALUES (2588, 'HAULER','FIRSTNAME','H', 126, 'HaulerRegister');
INSERT INTO FIELDMAPPING (FIELDID, TABLENAME, COLUMNNAME,ARRAYINDEXTYPE,ARRAYINDEX,PAGENAME)
VALUES (2589, 'HAULER','LASTNAME','H', 127, 'HaulerRegister');

SELECT * FROM FIELDMAPPING WHERE PAGENAME LIKE '%Register%';
SELECT * FROM FIELDRULE WHERE PAGENAME LIKE '%HaulerRegister%' and STATEABBREV='US' AND FIELDID IN (2321,1562);
SELECT * FROM FIELDMAPPING WHERE FIELDID IN (2535,2536);

SELECT * FROM FIELDRULE WHERE PAGENAME='HaulerRegister' and STATEABBREV='US' and FIELDNAME LIKE '%USER%';
INSERT INTO FIELDRULE (STATEABBREV,PERMITTYPE,FIELDID,PAGENAME, FIELDNAME,REQUIRED,EDITABLE,FIELDTYPE,MINIMUMLENGTH,MAXIMUMINCLUSIVE,MAXIMUMLENGTH,FORMATID,VALIDVALUE, DISPLAY,UPDATEDBY)
VALUES ('US',0, 2588, 'HaulerRegister','First Name*', 1,1,0, -1, 0, 256, 0, 1, 1, 'tony.tian')
INSERT INTO FIELDRULE (STATEABBREV,PERMITTYPE,FIELDID,PAGENAME, FIELDNAME,REQUIRED,EDITABLE,FIELDTYPE,MINIMUMLENGTH,MAXIMUMINCLUSIVE,MAXIMUMLENGTH,FORMATID,VALIDVALUE, DISPLAY,UPDATEDBY)
VALUES ('US',0, 2589, 'HaulerRegister','Last Name*', 1,1,0, -1, 0, 256, 0, 1, 1, 'tony.tian')

SELECT * FROM FIELDRULE WHERE PAGENAME='PSRegister' and STATEABBREV='US' and FIELDNAME LIKE '%USER%';
INSERT INTO FIELDRULE (STATEABBREV,PERMITTYPE,FIELDID,PAGENAME, FIELDNAME,REQUIRED,EDITABLE,FIELDTYPE,MINIMUMLENGTH,MAXIMUMINCLUSIVE,MAXIMUMLENGTH,FORMATID,VALIDVALUE, DISPLAY,UPDATEDBY)
VALUES ('US',0, 2588, 'PSRegister','First Name*', 1,1,0, -1, 0, 256, 0, 1, 1, 'tony.tian')
INSERT INTO FIELDRULE (STATEABBREV,PERMITTYPE,FIELDID,PAGENAME, FIELDNAME,REQUIRED,EDITABLE,FIELDTYPE,MINIMUMLENGTH,MAXIMUMINCLUSIVE,MAXIMUMLENGTH,FORMATID,VALIDVALUE, DISPLAY,UPDATEDBY)
VALUES ('US',0, 2589, 'PSRegister','Last Name*', 1,1,0, -1, 0, 256, 0, 1, 1, 'tony.tian')

SELECT * FROM FIELDRULE WHERE PAGENAME='PSRegister' and STATEABBREV='US' and FIELDNAME LIKE '%USER%';

SELECT * FROM LAYOUTFIELD WHERE GROUPID=219
INSERT INTO LAYOUTFIELD (FIELDID, STATEABBREV,DEVICETYPE,PAGEID,PERMITTYPE,LANGUAGE,GROUPID,VPOSITION, HPOSITION, HEIGHT, WIDTH, TOOLTIP,AUTOCOMPLETE)
VALUES ( 2588,'US',1, 40, 0, 'en-us', 219, 2, 1, -1, 200, 'First Name', 1);

INSERT INTO LAYOUTFIELD (FIELDID, STATEABBREV,DEVICETYPE,PAGEID,PERMITTYPE,LANGUAGE,GROUPID,VPOSITION, HPOSITION, HEIGHT, WIDTH, TOOLTIP,AUTOCOMPLETE)
VALUES ( 2589,'US',1, 40, 0, 'en-us', 219, 2, 2, -1, 200, 'Last Name', 1);

SELECT * FROM LAYOUTFIELD WHERE GROUPID=222;
INSERT INTO LAYOUTFIELD (FIELDID, STATEABBREV,DEVICETYPE,PAGEID,PERMITTYPE,LANGUAGE,GROUPID,VPOSITION, HPOSITION, HEIGHT, WIDTH, TOOLTIP,AUTOCOMPLETE)
VALUES ( 2588,'US',1, 41, 0, 'en-us', 222, 2, 1, -1, 200, 'First Name', 1);

INSERT INTO LAYOUTFIELD (FIELDID, STATEABBREV,DEVICETYPE,PAGEID,PERMITTYPE,LANGUAGE,GROUPID,VPOSITION, HPOSITION, HEIGHT, WIDTH, TOOLTIP,AUTOCOMPLETE)
VALUES ( 2589,'US',1, 41, 0, 'en-us', 222, 2, 2, -1, 200, 'Last Name', 1);

SELECT * FROM FIELDRULE WHERE PAGENAME ='HaulerRegister' 

SELECT * FROM FIELDRULE WHERE PAGENAME='PSRegister' and STATEABBREV='US' and FIELDNAME LIKE '%USER%';
INSERT INTO FIELDRULE (STATEABBREV,PERMITTYPE,FIELDID,PAGENAME, FIELDNAME,REQUIRED,EDITABLE,FIELDTYPE,MINIMUMLENGTH,MAXIMUMINCLUSIVE,MAXIMUMLENGTH,FORMATID,VALIDVALUE, DISPLAY,UPDATEDBY)
VALUES ('MD',0, 2588, 'PSRegister','First Name*', 1,1,0, -1, 0, 256, 0, 1, 1, 'tony.tian')
INSERT INTO FIELDRULE (STATEABBREV,PERMITTYPE,FIELDID,PAGENAME, FIELDNAME,REQUIRED,EDITABLE,FIELDTYPE,MINIMUMLENGTH,MAXIMUMINCLUSIVE,MAXIMUMLENGTH,FORMATID,VALIDVALUE, DISPLAY,UPDATEDBY)
VALUES ('MD',0, 2589, 'PSRegister','Last Name*', 1,1,0, -1, 0, 256, 0, 1, 1, 'tony.tian')

INSERT INTO FIELDRULE (STATEABBREV,PERMITTYPE,FIELDID,PAGENAME, FIELDNAME,REQUIRED,EDITABLE,FIELDTYPE,MINIMUMLENGTH,MAXIMUMINCLUSIVE,MAXIMUMLENGTH,FORMATID,VALIDVALUE, DISPLAY,UPDATEDBY)
VALUES ('MD',0, 2588, 'HaulerRegister','First Name*', 1,1,0, -1, 0, 256, 0, 1, 1, 'tony.tian')
INSERT INTO FIELDRULE (STATEABBREV,PERMITTYPE,FIELDID,PAGENAME, FIELDNAME,REQUIRED,EDITABLE,FIELDTYPE,MINIMUMLENGTH,MAXIMUMINCLUSIVE,MAXIMUMLENGTH,FORMATID,VALIDVALUE, DISPLAY,UPDATEDBY)
VALUES ('MD',0, 2589, 'HaulerRegister','Last Name*', 1,1,0, -1, 0, 256, 0, 1, 1, 'tony.tian')

SELECT * FROM FIELDRULE WHERE PAGENAME='PSRegister' AND FIELDNAME LIKE '%Name%';
SELECT * FROM FIELDRULE WHERE PAGENAME='HaulerRegister' AND FIELDNAME LIKE '%Name%';

SELECT * FROM FIELDRULE WHERE FIELDID IN (2321,1562,1528)


